org,role,day1_subject,day1_body,followup_subject,followup_body,cta
Intermountain Health,CMIO / VP Clinical Informatics,"Quick idea for source-cited AI retrieval across Intermountain workflows","Hi [Name] — Intermountain's scale and EHR complexity are exactly where we see search confidence break down. We built an on-prem retrieval layer that only returns cited source text and stays silent on no-match. Would you be open to a 20-minute technical risk review next week?","Re: source-cited AI retrieval across Intermountain workflows","Hi [Name] — quick follow-up in case this got buried. If helpful, I can share a 1-page control summary and do a 20-minute technical risk review next week. Worth penciling in [two time options]?","20-minute technical risk review + demo"
Advocate Health,Chief Digital Officer,"Reducing post-merger policy/document sprawl risk at Advocate","Hi [Name] — with post-merger integration, one recurring issue is conflicting protocol docs across legacy entities. WhiteGlove gives teams a single, auditable retrieval path with no-hallucination behavior by design. Open to a short 20-minute review on where this could de-risk your current rollout?","Re: reducing post-merger protocol/document risk","Hi [Name] — circling back because post-merger doc sprawl tends to compound fast. We can show a fixed-scope pilot model with clear acceptance criteria in 20 minutes. Open to [option A] or [option B]?","20-minute technical risk review + demo"
Providence Health & Services,VP Clinical Excellence,"AI policy + auditable retrieval controls for Providence","Hi [Name] — saw Providence is formalizing AI policy; timing looked right to share this. We provide on-prem retrieval that requires source citation and logs refusals when no qualifying source exists. If useful, I can walk you through the control model in 20 minutes.","Re: AI policy + auditable retrieval controls","Hi [Name] — following up since your AI policy timeline seemed aligned. Happy to walk through how refusal behavior + citation traceability works in practice. Could we hold 20 minutes next week?","20-minute technical risk review + demo"
Prisma Health,CMIO,"Compliance-first clinical retrieval for Prisma teams","Hi [Name] — Prisma's compliance-first posture is exactly the environment we built for. WhiteGlove is designed for silence over fabrication with snapshot-backed audit traceability. Would a 20-minute technical review be worth scheduling?","Re: compliance-first clinical retrieval","Hi [Name] — brief nudge: this is specifically built for compliance-first teams. I can share the healthcare pilot SOW/order form and map it to your current process. Would [day/time] work for a quick review?","20-minute technical risk review + demo"
Ballad Health,CIO,"Standardizing protocol retrieval across Ballad sites","Hi [Name] — multi-site variation is where protocol retrieval risk usually shows up first. We help systems enforce one source-cited retrieval layer across locations, with explicit no-answer behavior on weak matches. Could we compare this against your current workflow in a 20-minute call?","Re: protocol consistency across sites","Hi [Name] — wanted to follow up on multi-site protocol variance risk. We can show exactly how teams use citation-bound retrieval + logged refusals. Is a short technical review worth scheduling?","20-minute technical risk review + demo"
Renown Health,Chief Medical Officer,"Fast pilot fit for Renown's single-market footprint","Hi [Name] — Renown's single-market structure is ideal for a tightly scoped 30-day pilot. We focus on one outcome: trusted retrieval with citations, refusals on no-match, and auditable snapshots. Would you be open to a quick technical review to see if this fits your current priorities?","Re: 30-day pilot fit for Renown","Hi [Name] — quick check-in. Renown's footprint is a strong fit for a fast, fixed-scope pilot with measurable success criteria. Can we book 20 minutes to evaluate fit?","20-minute technical risk review + demo"
Monument Health,VP Quality & Patient Safety,"Supporting Monument's doc standardization work with auditable retrieval","Hi [Name] — if Monument is actively standardizing clinical documentation, retrieval integrity becomes a quality/safety issue. Our platform returns only source-backed text and records every query/refusal for review. Happy to show a 20-minute walkthrough if that's useful.","Re: supporting doc standardization with auditable retrieval","Hi [Name] — following up on your standardization initiative angle. If useful, I'll send sample artifacts (audit + snapshot placeholders) before a call. Would [time option] work?","20-minute technical risk review + demo"
Stormont Vail Health,CMIO,"Practical AI retrieval guardrails for Stormont Vail","Hi [Name] — saw Stormont Vail's public interest in AI and wanted to share a practical control layer. WhiteGlove runs on-prem and is built to prevent fabricated retrieval outputs by contract. Can we book a 20-minute risk review + demo?","Re: practical AI guardrails","Hi [Name] — one last nudge from me. If AI adoption is active, this gives a concrete control layer without workflow disruption. Open to a 20-minute review?","20-minute technical risk review + demo"
University of Vermont Medical Center,VP Research Informatics,"Audit-ready retrieval for research + clinical knowledge access","Hi [Name] — with PCORI-style audit requirements, retrieval provenance can't be optional. We provide citation-bound retrieval with snapshot/version traceability for reproducible review. Would a 20-minute technical review be useful this month?","Re: audit-ready retrieval for research workflows","Hi [Name] — following up on the reproducibility/audit point. We can demo known-hit/no-match behavior and snapshot traceability in one short session. Could we schedule 20 minutes next week?","20-minute technical risk review + demo"
Cooper University Health Care,Chief Quality Officer,"Reducing citation risk in policy/protocol retrieval at Cooper","Hi [Name] — in compliance-heavy environments, teams need retrieval that can be defended, not just generated. WhiteGlove is on-prem, source-cited, and explicitly refuses when corpus support is insufficient. Open to a 20-minute review to assess fit for Cooper?","Re: reducing retrieval/citation risk","Hi [Name] — quick follow-up in case timing is better now. I can share a concise healthcare packet and walk through pilot success metrics live. Would [option A] or [option B] be easier?","20-minute technical risk review + demo"
